{"":{"boxSizing":"border-box"},"content":{"position":"relative"},"content_img":{"position":"absolute","top":"0px","right":"0px"},"header":{"marginBottom":"0px","color":"#854593","width":"100%","height":"50px","display":"grid","gridTemplateColumns":"auto 1fr","alignItems":"center","gridGap":"10px"},"button":{"borderRadius":"20px","border":"1px solid #854593","backgroundColor":"#854593","color":"#FFFFFF","fontSize":"12px","fontWeight":"bold","padding":"12px 45px","letterSpacing":"1px","textTransform":"uppercase","transition":"transform 80ms ease-in"},"body":{"background":"#f6f5f7","display":"flex","justifyContent":"center","alignItems":"center","flexDirection":"column","fontFamily":"'Montserrat', sans-serif","height":"100vh","margin":"-20px 0 50px"},"h1":{"fontWeight":"bold","margin":"0"},"h2":{"textAlign":"center"},"p":{"fontSize":"14px","fontWeight":"100","lineHeight":"20px","letterSpacing":"0.5px","margin":"20px 0 30px"},"span":{"fontSize":"12px"},"a":{"color":"#333","fontSize":"14px","textDecoration":"none","margin":"15px 0"},"button_active":{"transform":"scale(0.95)"},"button_focus":{"outline":"none"},"button_ghost":{"backgroundColor":"transparent","borderColor":"#FFFFFF"},"form":{"backgroundColor":"#FFFFFF","display":"flex","alignItems":"center","justifyContent":"center","flexDirection":"column","padding":"0 50px","height":"100%","textAlign":"center"},"input":{"backgroundColor":"#eee","border":"none","padding":"12px 15px","margin":"8px 0","width":"100%"},"container":{"backgroundColor":"#fff","borderRadius":"10px","boxShadow":"0 14px 28px rgba(0,0,0,0.25), \n\t\t\t0 10px 10px rgba(0,0,0,0.22)","position":"relative","overflow":"hidden","width":"768px","maxWidth":"100%","minHeight":"480px"},"form_container":{"position":"absolute","top":"0","height":"100%","transition":"all 0.6s ease-in-out"},"sign_in_container":{"left":"0","width":"50%","zIndex":"2"},"container_right_panel_active__sign_in_container":{"transform":"translateX(100%)"},"sign_up_container":{"left":"0","width":"50%","opacity":"0","zIndex":"1"},"container_right_panel_active__sign_up_container":{"transform":"translateX(100%)","opacity":"1","zIndex":"5","animation":"show 0.6s"},"overlay_container":{"position":"absolute","top":"0","left":"50%","width":"50%","height":"100%","overflow":"hidden","transition":"transform 0.6s ease-in-out","zIndex":"100"},"container_right_panel_active__overlay_container":{"transform":"translateX(-100%)"},"overlay":{"background":"linear-gradient(to right, #854593, #854593)","backgroundRepeat":"no-repeat","backgroundSize":"cover","backgroundPosition":"0 0","color":"#FFFFFF","position":"relative","left":"-100%","height":"100%","width":"200%","transform":"translateX(0)","transition":"transform 0.6s ease-in-out"},"container_right_panel_active__overlay":{"transform":"translateX(50%)"},"overlay_panel":{"position":"absolute","display":"flex","alignItems":"center","justifyContent":"center","flexDirection":"column","padding":"0 40px","textAlign":"center","top":"0","height":"100%","width":"50%","transform":"translateX(0)","transition":"transform 0.6s ease-in-out"},"overlay_left":{"transform":"translateX(-20%)"},"container_right_panel_active__overlay_left":{"transform":"translateX(0)"},"overlay_right":{"right":"0","transform":"translateX(0)"},"container_right_panel_active__overlay_right":{"transform":"translateX(20%)"},"social_container":{"margin":"20px 0"},"social_container_a":{"border":"1px solid #DDDDDD","borderRadius":"50%","display":"inline-flex","justifyContent":"center","alignItems":"center","margin":"0 5px","height":"40px","width":"40px"},"footer":{"backgroundColor":"#222","color":"#fff","fontSize":"14px","bottom":"0","position":"fixed","left":"0","right":"0","textAlign":"center","zIndex":"999"},"footer_p":{"margin":"10px 0"},"footer_i":{"color":"red"},"footer_a":{"color":"#3c97bf","textDecoration":"none"}}